"Date","Price","Open","High","Low","Vol.","Change %"
"09/20/2023","324.355","323.902","324.355","323.902","","0.11%"
"09/19/2023","324.000","323.750","325.000","323.750","","-0.08%"
"09/18/2023","324.250","323.500","324.625","323.125","","0.46%"
"09/15/2023","322.750","323.250","323.625","322.500","","-0.08%"
"09/14/2023","323.000","323.500","324.250","322.750","","0.31%"
"09/13/2023","322.000","322.000","323.875","321.750","","-0.08%"
"09/12/2023","322.250","321.875","322.875","321.750","","0.39%"
"09/11/2023","321.000","321.750","322.625","321.325","","0.00%"
"09/08/2023","321.000","322.000","322.500","321.125","","-0.31%"
"09/07/2023","322.000","322.250","322.725","321.875","","0.31%"
"09/06/2023","321.000","321.500","322.500","320.500","","0.00%"
"09/05/2023","321.000","320.250","322.400","318.500","","0.31%"
"09/04/2023","320.000","319.125","320.750","318.500","","0.47%"
"09/01/2023","318.500","319.500","319.675","318.000","","0.00%"
"08/31/2023","318.500","320.500","320.500","318.500","","-1.01%"
"08/30/2023","321.758","321.450","321.758","319.642","","0.39%"
"08/29/2023","320.500","323.750","324.250","320.500","","-1.00%"
"08/28/2023","323.750","324.000","324.500","323.450","","0.23%"
"08/25/2023","323.000","324.000","324.500","323.500","","0.00%"
"08/24/2023","323.000","324.000","324.500","323.500","","0.00%"
"08/23/2023","323.000","323.500","324.500","323.250","","-0.15%"
"08/22/2023","323.500","323.750","324.500","322.000","","0.15%"
"08/21/2023","323.000","324.000","324.350","322.750","","0.00%"
"08/18/2023","323.000","322.000","324.250","322.000","","0.47%"
"08/17/2023","321.500","321.000","322.500","320.500","","0.16%"
"08/16/2023","321.000","320.250","321.625","319.500","","0.31%"
"08/15/2023","320.000","322.000","322.000","320.000","","-0.31%"
"08/14/2023","321.000","320.000","321.750","319.500","","0.63%"
"08/11/2023","319.000","319.750","320.250","319.125","","0.00%"
"08/10/2023","319.000","319.500","320.500","319.000","","-0.16%"
"08/09/2023","319.500","320.250","321.250","317.500","","0.00%"
"08/08/2023","319.500","322.000","322.250","319.000","","-0.78%"
"08/07/2023","322.000","321.000","323.250","319.500","","0.63%"
"08/04/2023","320.000","318.500","323.000","317.000","","1.27%"
"08/03/2023","316.000","315.000","320.500","314.500","","0.96%"
"08/02/2023","313.000","317.500","317.500","312.000","","-1.92%"
"08/01/2023","319.129","320.216","321.411","319.129","","0.67%"
"07/31/2023","317.000","329.000","330.000","318.000","","-3.35%"
"07/28/2023","328.000","329.100","330.250","328.500","","0.00%"
"07/27/2023","328.000","329.000","329.875","328.250","","0.00%"
"07/26/2023","328.000","332.000","332.250","328.750","","-0.61%"
"07/25/2023","330.000","329.000","332.000","328.500","","0.30%"
"07/24/2023","329.000","328.500","330.500","327.750","","0.77%"
"07/21/2023","326.500","326.000","327.750","325.500","","0.77%"
"07/20/2023","324.000","323.500","326.450","323.250","","0.31%"
"07/19/2023","323.000","323.500","324.500","322.000","","0.31%"
"07/18/2023","322.000","321.500","323.500","321.000","","0.31%"
"07/17/2023","321.000","320.750","323.500","320.750","","0.94%"
"07/14/2023","318.000","318.000","320.750","317.500","","0.32%"
"07/13/2023","317.000","315.500","318.750","313.000","","0.96%"
"07/12/2023","314.000","313.250","316.250","312.000","","0.32%"
"07/11/2023","313.000","312.500","314.875","312.250","","0.97%"
"07/10/2023","310.000","310.000","313.250","310.000","","0.32%"
"07/07/2023","309.000","310.500","312.375","309.500","","0.00%"
"07/06/2023","309.000","307.500","310.500","306.750","","0.98%"
"07/05/2023","306.000","307.500","307.500","305.750","","0.00%"
"07/04/2023","306.000","307.500","307.625","305.500","","-0.55%"
"07/03/2023","307.699","306.037","307.699","306.037","","-0.11%"
"06/30/2023","308.034","307.201","308.812","307.201","","0.27%"
"06/29/2023","307.201","307.185","308.359","307.185","","-0.10%"
"06/28/2023","307.500","308.250","309.250","306.750","","-0.16%"
"06/27/2023","308.000","309.000","310.000","307.750","","0.16%"
"06/26/2023","307.500","307.500","309.750","306.000","","0.00%"
"06/23/2023","307.500","306.500","308.250","306.500","","0.49%"
"06/22/2023","306.000","306.500","307.500","306.450","","0.00%"
"06/21/2023","306.000","307.000","308.000","306.000","","0.00%"
"06/20/2023","306.000","306.000","307.500","305.500","","0.00%"
"06/19/2023","306.000","304.500","307.000","304.000","","-0.49%"
"06/16/2023","307.500","307.500","312.250","305.000","","0.49%"
"06/15/2023","306.000","318.500","326.000","303.500","","-2.86%"
"06/14/2023","315.000","316.000","321.000","307.000","","2.94%"
"06/13/2023","306.000","300.000","307.250","300.000","","1.83%"
"06/12/2023","300.500","295.500","301.500","295.500","","1.69%"
"06/09/2023","295.500","294.500","297.500","292.500","","0.51%"
"06/08/2023","294.000","291.000","295.250","290.000","","1.03%"
"06/07/2023","291.000","291.500","292.000","289.500","","-0.17%"
"06/06/2023","291.500","291.000","292.000","289.250","","0.52%"
"06/05/2023","290.000","292.000","292.250","289.250","","0.00%"
"06/02/2023","290.000","294.000","294.000","290.000","","-1.19%"
"06/01/2023","293.500","290.500","294.900","289.500","","1.21%"
"05/31/2023","290.000","293.000","294.750","289.750","","-1.36%"
"05/30/2023","294.000","296.500","297.250","294.000","","-0.68%"
"05/29/2023","296.000","296.000","297.250","295.000","","-0.34%"
"05/26/2023","297.000","301.750","301.750","296.750","","-1.66%"
"05/25/2023","302.000","303.000","304.500","301.700","","-0.33%"
"05/24/2023","303.000","304.500","304.500","302.450","","-0.49%"
"05/23/2023","304.500","305.000","305.550","303.750","","-0.16%"
"05/22/2023","305.000","306.500","306.750","304.950","","-0.49%"
"05/19/2023","306.500","307.500","308.400","305.750","","0.16%"
"05/18/2023","306.000","305.500","307.650","304.500","","0.33%"
"05/17/2023","305.000","308.850","308.850","305.500","","-1.29%"
"05/16/2023","309.000","311.950","311.950","308.750","","-1.28%"
"05/15/2023","313.000","313.250","314.000","311.550","","0.32%"
"05/12/2023","312.000","312.750","317.050","309.500","","-0.32%"
"05/11/2023","313.000","315.200","318.250","310.500","","-0.92%"
"05/10/2023","315.900","318.000","319.350","315.650","","-0.35%"
"05/09/2023","317.000","318.500","319.875","316.450","","-0.31%"
"05/08/2023","318.000","318.750","322.250","315.150","","-0.31%"
"05/04/2023","319.000","319.250","321.200","317.800","","-0.16%"
"05/03/2023","319.500","319.750","325.000","317.300","","-0.16%"
"05/02/2023","320.000","321.000","323.000","319.500","","0.00%"
"04/28/2023","320.000","321.750","322.875","319.500","","0.00%"
"04/27/2023","320.000","321.000","323.350","320.250","","0.00%"
"04/26/2023","320.000","321.500","322.850","320.750","","-0.47%"
"04/25/2023","321.500","321.450","323.900","320.750","","0.47%"
"04/24/2023","320.000","321.000","325.850","318.375","","0.63%"
"04/21/2023","318.000","321.500","323.350","318.375","","0.00%"
"04/20/2023","318.000","320.000","324.650","316.750","","-0.16%"
"04/19/2023","318.500","321.500","324.750","316.500","","0.16%"
"04/18/2023","318.000","319.500","324.250","315.000","","-0.31%"
"04/17/2023","319.000","320.000","322.500","317.500","","0.00%"
"04/12/2023","319.000","319.000","322.500","314.750","","0.00%"
"04/11/2023","319.000","318.500","324.875","314.500","","0.31%"
"04/10/2023","318.000","320.000","323.500","317.500","","-0.63%"
"04/06/2023","320.000","321.000","324.000","316.500","","-0.78%"
"04/04/2023","322.500","321.500","325.500","318.000","","-0.15%"
"04/03/2023","323.000","326.500","330.000","319.000","","-0.31%"
"03/31/2023","324.000","326.500","332.000","321.000","","-0.31%"
"03/30/2023","325.000","326.000","331.500","320.500","","0.00%"
"03/29/2023","325.000","326.500","331.500","320.000","","0.15%"
"03/28/2023","324.500","322.500","327.500","320.000","","0.62%"
"03/27/2023","322.500","322.500","326.000","318.000","","0.78%"
"03/24/2023","320.000","319.000","326.000","319.000","","0.63%"
"03/23/2023","318.000","320.000","325.000","317.000","","-0.47%"
"03/22/2023","319.500","321.500","322.250","312.500","","-0.16%"
"03/21/2023","320.000","320.000","325.500","318.500","","-5.88%"
"03/20/2023","340.000","340.000","340.000","332.500","","1.19%"
"03/17/2023","336.000","335.500","345.000","333.500","","-0.30%"
"03/16/2023","337.000","338.500","345.000","332.000","","0.60%"
"03/15/2023","335.000","330.000","343.500","330.000","","0.00%"
"03/14/2023","335.000","324.000","340.000","323.750","","2.29%"
"03/13/2023","327.500","325.000","329.500","314.500","","2.34%"
"03/10/2023","320.000","320.000","326.000","310.000","","-0.78%"
"03/09/2023","322.500","313.500","322.500","310.000","","0.00%"
"03/08/2023","322.500","321.500","325.000","316.500","","0.00%"
"03/07/2023","322.500","322.500","332.500","317.500","","-5.01%"
"03/03/2023","339.500","340.000","347.835","335.000","","-1.88%"
"03/02/2023","346.000","346.000","350.575","342.500","","-3.35%"
"03/01/2023","358.000","354.000","360.500","351.500","","-1.10%"
"02/28/2023","362.000","360.750","363.315","355.500","","-0.28%"
"02/27/2023","363.000","361.500","365.750","358.750","","-0.55%"
"02/24/2023","365.000","362.670","366.500","360.750","","0.00%"
"02/23/2023","365.000","365.000","366.500","360.000","","0.00%"
"02/22/2023","365.000","364.500","366.250","358.500","","0.00%"
"02/21/2023","365.000","361.000","366.500","359.500","","1.58%"
"02/20/2023","359.320","365.000","367.000","360.000","","-1.69%"
"02/17/2023","365.500","365.000","366.500","361.920","","0.14%"
"02/16/2023","365.000","361.920","366.500","360.660","","0.00%"
"02/15/2023","365.000","365.000","366.500","360.660","","0.00%"
"02/14/2023","365.000","366.000","368.000","360.660","","0.00%"
"02/13/2023","365.000","365.000","367.500","360.660","","0.00%"
"02/10/2023","365.000","365.500","368.000","360.500","","-0.14%"
"02/09/2023","365.500","365.500","368.500","360.660","","0.00%"
"02/08/2023","365.500","365.500","367.000","361.960","","0.00%"
"02/07/2023","365.500","365.250","367.000","361.180","","0.07%"
"02/06/2023","365.250","365.000","366.500","360.680","","0.07%"
"02/03/2023","365.000","363.000","368.000","360.500","","-0.27%"
"02/02/2023","366.000","364.000","369.000","361.000","","0.00%"
"02/01/2023","366.000","364.000","369.000","362.750","","0.27%"
"01/31/2023","365.000","364.000","368.500","362.000","","-0.27%"
"01/30/2023","366.000","364.000","369.000","363.000","","1.10%"
"01/27/2023","362.000","364.000","368.500","362.000","","0.00%"
"01/26/2023","362.000","364.000","369.000","363.000","","0.00%"
"01/25/2023","362.000","364.500","368.500","363.000","","0.00%"
"01/24/2023","362.000","364.000","368.500","362.750","","0.00%"
"01/23/2023","362.000","364.000","370.250","362.000","","-1.09%"
"01/20/2023","366.000","367.000","368.500","363.000","","-0.27%"
"01/19/2023","367.000","364.000","369.000","363.000","","1.38%"
"01/18/2023","362.000","364.000","368.500","363.000","","-0.82%"
"01/17/2023","365.000","364.500","368.500","361.500","","-0.27%"
"01/13/2023","366.000","363.500","368.000","363.000","0.03K","-0.41%"
"01/12/2023","367.500","364.500","368.500","362.500","0.03K","0.27%"
"01/11/2023","366.500","365.000","368.000","360.500","0.03K","-0.27%"
"01/10/2023","367.500","365.000","367.500","360.500","0.03K","0.00%"
"01/09/2023","367.500","365.500","368.500","363.500","0.03K","1.24%"
"01/05/2023","363.000","365.500","368.500","362.000","0.03K","0.00%"
"01/04/2023","363.000","365.500","367.500","362.000","0.03K","0.00%"
"01/03/2023","363.000","365.500","369.000","363.000","0.03K","0.00%"
"01/02/2023","363.000","367.500","368.000","365.500","0.03K","-1.22%"
"12/30/2022","367.500","365.500","368.500","363.250","0.03K","1.24%"
"12/29/2022","363.000","365.500","369.000","363.250","0.03K","0.00%"
"12/28/2022","363.000","365.500","369.000","362.500","0.03K","0.00%"
"12/27/2022","363.000","365.500","369.000","363.250","0.03K","0.00%"
"12/23/2022","363.000","365.500","368.750","362.000","0.02K","0.00%"
"12/22/2022","363.000","365.500","368.750","362.000","0.02K","0.00%"
"12/21/2022","363.000","365.500","369.130","362.000","0.02K","0.00%"
"12/20/2022","363.000","365.500","370.000","363.500","0.02K","-0.55%"
"12/19/2022","365.000","368.500","370.000","363.875","0.02K","-0.68%"
"12/16/2022","367.500","367.500","370.375","362.000","0.03K","0.00%"
"12/15/2022","367.500","367.500","370.125","363.000","0.03K","1.24%"
"12/14/2022","363.000","367.500","370.250","363.500","0.03K","-1.22%"
"12/13/2022","367.500","367.500","370.000","363.500","0.02K","0.00%"
"12/12/2022","367.500","367.500","369.750","363.500","0.03K","0.00%"
"12/09/2022","367.500","368.500","369.000","362.000","0.03K","0.00%"
"12/08/2022","367.500","367.500","370.000","362.000","0.03K","0.00%"
"12/06/2022","367.500","367.500","370.000","362.000","0.03K","0.00%"
"12/05/2022","367.500","368.500","369.000","363.500","0.03K","-0.27%"
"12/02/2022","368.500","365.000","369.000","364.750","0.03K","0.00%"
"12/01/2022","368.500","368.500","369.000","364.750","0.04K","0.00%"
"11/30/2022","368.500","368.500","369.500","363.250","0.04K","0.27%"
"11/29/2022","367.500","365.500","370.000","363.000","0.03K","-0.27%"
"11/28/2022","368.500","368.500","370.000","363.250","0.03K","0.27%"
"11/25/2022","367.500","368.500","369.000","363.000","0.03K","-0.27%"
"11/24/2022","368.500","365.500","370.000","365.500","0.03K","1.52%"
"11/23/2022","363.000","367.500","370.000","363.500","0.03K","-1.22%"
"11/22/2022","367.500","365.500","369.000","361.000","0.03K","0.00%"
"11/21/2022","367.500","365.500","370.125","363.000","0.03K","0.00%"
"11/18/2022","367.500","367.500","370.000","364.500","0.03K","0.00%"
"11/17/2022","367.500","367.500","370.000","362.000","0.03K","0.00%"
"11/16/2022","367.500","367.500","369.500","362.000","0.03K","0.00%"
"11/15/2022","367.500","365.500","370.375","363.000","0.03K","1.24%"
"11/14/2022","363.000","365.500","370.375","362.000","0.03K","-1.22%"
"11/11/2022","367.500","365.500","369.000","363.000","0.03K","-0.27%"
"11/10/2022","368.500","367.500","368.500","362.000","0.03K","0.27%"
"11/09/2022","367.500","366.000","370.000","363.000","0.02K","0.68%"
"11/08/2022","365.000","367.500","368.875","363.250","0.03K","0.83%"
"11/04/2022","362.000","364.500","368.750","362.500","0.03K","-1.50%"
"11/03/2022","367.500","364.500","367.500","362.500","0.03K","0.14%"
"11/02/2022","367.000","365.500","370.000","365.000","0.03K","0.00%"
"11/01/2022","367.000","365.500","370.000","364.750","0.03K","1.10%"
"10/31/2022","363.000","365.500","367.500","364.750","0.03K","0.00%"
"10/28/2022","363.000","367.000","368.500","362.500","0.04K","0.00%"
"10/27/2022","363.000","367.000","368.750","363.500","0.04K","0.00%"
"10/26/2022","363.000","365.000","367.500","364.250","0.03K","0.00%"
"10/25/2022","363.000","367.000","368.500","364.250","0.03K","-1.09%"
"10/21/2022","367.000","363.500","369.000","362.500","0.03K","0.00%"
"10/20/2022","367.000","363.500","368.750","362.000","0.03K","0.00%"
"10/19/2022","367.000","365.500","368.500","363.000","0.03K","0.00%"
"10/18/2022","367.000","365.500","367.500","365.000","0.02K","0.00%"
"10/17/2022","367.000","366.000","368.250","363.500","0.03K","1.10%"
"10/14/2022","363.000","364.995","368.660","360.620","0.39K","-0.55%"
"10/13/2022","365.000","366.495","369.385","360.320","0.40K","-0.41%"
"10/12/2022","366.500","365.995","368.805","361.260","0.43K","0.14%"
"10/11/2022","366.000","365.995","368.985","359.860","0.51K","0.00%"
"10/10/2022","365.995","365.995","365.995","365.995","0.18K","0.00%"
"10/07/2022","366.000","366.000","366.500","361.750","0.02K","0.00%"
"10/06/2022","366.000","365.995","368.865","359.630","0.43K","0.00%"
"10/05/2022","366.000","365.995","368.880","360.660","0.46K","0.00%"
"10/04/2022","366.000","359.985","366.500","355.825","0.44K","2.27%"
"10/03/2022","357.880","365.495","368.755","358.260","0.44K","-2.08%"
"09/30/2022","365.500","363.995","367.660","358.570","0.37K","0.41%"
"09/29/2022","364.000","363.995","367.160","356.120","0.38K","0.00%"
"09/28/2022","364.000","363.995","367.160","357.620","0.37K","0.00%"
"09/27/2022","364.000","363.990","367.660","358.120","0.36K","0.00%"
"09/26/2022","363.995","363.995","366.455","358.560","0.22K","0.00%"
"09/23/2022","364.000","359.995","366.585","356.200","0.46K","1.68%"
"09/22/2022","358.000","364.995","368.345","358.040","0.43K","-1.92%"
"09/21/2022","365.000","363.495","366.885","358.820","0.38K","0.41%"
"09/20/2022","363.500","363.995","368.110","357.620","0.37K","-0.14%"
"09/19/2022","364.000","365.370","367.825","358.275","0.39K","-0.38%"
"09/16/2022","365.375","362.995","366.830","357.560","0.48K","0.93%"
"09/15/2022","362.000","365.370","369.000","358.275","0.39K","-0.92%"
"09/14/2022","365.375","364.495","368.175","357.900","0.36K","0.24%"
"09/13/2022","364.500","359.990","366.260","355.620","0.38K","1.25%"
"09/12/2022","359.995","359.995","366.550","355.620","0.36K","0.00%"
"09/09/2022","360.000","363.995","367.035","357.620","0.38K","-1.10%"
"09/08/2022","364.000","359.995","365.250","355.620","0.36K","1.11%"
"09/07/2022","360.000","360.000","365.250","358.500","0.16K","0.00%"
"09/06/2022","360.000","359.995","365.250","356.680","0.16K","0.00%"
"09/05/2022","360.000","359.995","365.250","355.120","0.34K","0.00%"
"09/02/2022","360.000","359.995","365.250","356.000","0.47K","0.57%"
"09/01/2022","357.960","359.985","365.250","355.720","0.45K","0.02%"
"08/31/2022","357.880","359.995","365.250","355.620","0.35K","-0.59%"
"08/30/2022","360.000","359.995","366.875","355.620","0.36K","0.00%"
"08/29/2022","360.000","358.995","365.250","355.075","0.47K","0.84%"
"08/26/2022","357.000","359.495","365.750","355.220","0.46K","0.00%"
"08/25/2022","357.000","359.495","365.375","355.700","0.49K","0.00%"
"08/24/2022","357.000","359.995","365.250","355.620","0.38K","-0.83%"
"08/23/2022","360.000","358.995","365.250","355.375","0.45K","0.84%"
"08/22/2022","357.000","359.995","365.250","355.120","0.34K","-0.83%"
"08/19/2022","360.000","359.995","365.250","355.120","0.37K","0.00%"
"08/18/2022","360.000","359.995","365.250","355.120","0.32K","0.00%"
"08/17/2022","360.000","359.995","365.250","355.120","0.38K","0.00%"
"08/16/2022","360.000","359.995","365.250","354.620","0.39K","0.00%"
"08/15/2022","360.000","359.995","365.250","355.620","0.32K","0.00%"
"08/12/2022","360.000","362.990","365.000","357.300","0.15K","-0.83%"
"08/11/2022","362.995","362.995","362.995","362.995","","0.00%"
"08/10/2022","363.000","358.995","365.250","355.260","0.45K","1.68%"
"08/09/2022","357.000","364.995","367.385","357.070","0.39K","-2.19%"
"08/08/2022","365.000","358.995","365.000","355.120","0.45K","2.24%"
"08/05/2022","357.000","358.995","365.000","354.920","0.47K","0.00%"
"08/04/2022","357.000","358.995","365.000","354.800","0.46K","0.00%"
"08/03/2022","357.000","359.985","365.000","355.180","0.48K","-0.25%"
"08/02/2022","357.880","362.995","366.660","357.120","0.34K","-1.41%"
"08/01/2022","362.995","358.995","365.000","355.335","0.43K","1.68%"
"07/29/2022","357.000","364.495","367.375","356.320","0.55K","-1.38%"
"07/28/2022","362.000","359.495","365.500","355.195","0.46K","1.40%"
"07/27/2022","357.000","359.495","365.250","355.700","0.46K","0.00%"
"07/26/2022","357.000","359.995","365.250","355.920","0.46K","-0.28%"
"07/25/2022","358.000","359.995","365.250","355.620","0.40K","-0.56%"
"07/22/2022","360.000","359.990","365.250","356.000","0.49K","0.58%"
"07/21/2022","357.920","359.990","365.250","355.540","0.44K","-0.58%"
"07/20/2022","359.990","359.995","365.250","355.620","0.37K","0.00%"
"07/19/2022","360.000","359.990","365.250","355.620","0.34K","0.00%"
"07/18/2022","359.990","359.995","364.750","355.620","0.36K","0.00%"
"07/15/2022","360.000","365.495","367.885","357.820","0.36K","-1.50%"
"07/14/2022","365.500","360.000","365.500","358.380","0.18K","2.22%"
"07/13/2022","357.565","358.495","361.285","354.775","0.38K","-0.26%"
"07/12/2022","358.500","359.995","365.000","355.120","0.40K","-0.42%"
"07/11/2022","360.000","364.745","367.530","357.320","0.35K","-1.30%"
"07/08/2022","364.750","359.995","364.750","355.120","0.37K","1.32%"
"07/07/2022","360.000","363.995","366.210","357.120","0.38K","-1.10%"
"07/06/2022","364.000","359.995","364.160","354.620","0.38K","1.11%"
"07/05/2022","360.000","363.995","366.160","356.620","0.34K","-1.10%"
"07/04/2022","364.000","357.995","364.000","354.140","0.45K","2.25%"
"07/01/2022","356.000","357.995","364.000","353.700","0.49K","0.00%"
"06/30/2022","356.000","357.995","364.750","353.840","0.45K","0.00%"
"06/29/2022","356.000","357.995","364.500","353.860","0.46K","0.00%"
"06/28/2022","356.000","358.995","364.625","354.420","0.47K","-0.28%"
"06/27/2022","357.000","358.995","365.000","355.740","0.38K","0.00%"
"06/24/2022","357.000","358.995","365.000","354.760","0.44K","0.00%"
"06/23/2022","357.000","359.995","364.910","355.120","0.32K","-0.83%"
"06/22/2022","360.000","359.995","364.265","355.480","0.43K","0.56%"
"06/21/2022","358.000","358.995","363.000","354.560","0.46K","0.28%"
"06/20/2022","357.000","361.995","364.160","356.120","0.35K","-1.38%"
"06/17/2022","362.000","361.995","365.160","355.620","0.34K","0.00%"
"06/16/2022","362.000","359.995","364.160","354.620","0.36K","0.56%"
"06/15/2022","360.000","358.500","361.665","357.500","0.17K","0.20%"
"06/14/2022","359.280","359.995","362.140","357.135","0.29K","-0.20%"
"06/13/2022","360.000","359.995","363.160","354.620","0.33K","0.00%"
"06/10/2022","360.000","359.995","364.405","354.460","0.44K","0.00%"
"06/09/2022","360.000","358.495","363.000","354.580","0.46K","0.84%"
"06/08/2022","357.000","359.495","362.485","354.520","0.43K","0.00%"
"06/07/2022","357.000","363.480","366.660","357.150","0.45K","-1.34%"
"06/06/2022","361.840","358.495","364.335","354.720","0.44K","1.64%"
"06/03/2022","356.000","359.495","364.410","354.870","0.34K","-0.97%"
"06/02/2022","359.500","359.495","364.450","356.650","0.34K","0.00%"
"06/01/2022","359.500","359.995","364.660","357.120","0.35K","-0.14%"
"05/31/2022","360.000","361.990","365.530","355.960","0.46K","-0.55%"
"05/30/2022","361.990","361.995","365.530","355.960","0.45K","0.00%"
"05/27/2022","362.000","362.245","365.185","356.310","0.45K","-0.07%"
"05/26/2022","362.250","361.995","365.280","355.960","0.44K","0.07%"
"05/25/2022","362.000","359.495","364.410","355.560","0.37K","0.70%"
"05/24/2022","359.500","359.495","361.910","356.620","0.37K","0.00%"
"05/23/2022","359.500","359.745","362.030","356.710","0.36K","-0.07%"
"05/20/2022","359.750","359.860","362.095","356.540","0.35K","-0.03%"
"05/19/2022","359.860","359.995","362.160","356.995","0.33K","-0.04%"
"05/18/2022","360.000","359.995","362.160","357.120","0.33K","0.00%"
"05/17/2022","360.000","360.000","360.180","359.510","0.18K","0.20%"
"05/16/2022","359.280","359.995","362.140","357.135","0.29K","-0.20%"
"05/13/2022","360.000","369.995","372.140","355.000","0.31K","-2.70%"
"05/12/2022","370.000","364.995","370.000","359.620","0.30K","1.37%"
"05/11/2022","365.000","364.985","367.160","362.120","0.32K","0.00%"
"05/10/2022","364.985","364.995","367.160","362.120","0.34K","0.00%"
"05/09/2022","365.000","359.995","370.000","357.135","0.33K","1.39%"
"05/06/2022","360.000","369.995","372.140","357.240","0.33K","-2.70%"
"05/05/2022","370.000","352.495","377.000","351.075","0.20K","4.96%"
"05/04/2022","352.500","354.285","370.000","352.120","0.15K","-0.50%"
"05/03/2022","354.280","354.285","354.285","354.280","0.00K","0.00%"
"05/02/2022","354.290","354.995","357.110","352.175","0.29K","-0.20%"
"04/29/2022","355.000","349.995","355.000","347.160","0.32K","1.43%"
"04/28/2022","350.000","354.990","357.130","349.660","0.33K","-1.41%"
"04/27/2022","354.990","342.495","355.045","338.220","0.46K","4.41%"
"04/26/2022","340.000","334.995","345.000","329.660","0.33K","1.49%"
"04/25/2022","335.000","334.995","340.000","329.660","0.32K","0.00%"
"04/22/2022","335.000","334.995","340.000","329.660","0.32K","0.00%"
"04/21/2022","335.000","334.995","337.130","327.500","0.37K","0.00%"
"04/20/2022","335.000","334.995","337.130","325.000","0.31K","0.00%"
"04/19/2022","335.000","327.495","335.210","326.080","0.19K","2.29%"
"04/18/2022","327.500","322.500","335.000","322.500","0.13K","1.62%"
"04/14/2022","322.285","313.280","322.285","322.285","","0.00%"
"04/13/2022","322.285","322.285","322.285","322.285","","-0.07%"
"04/12/2022","322.500","322.495","326.065","312.500","0.20K","0.00%"
"04/11/2022","322.500","314.995","325.000","310.000","0.25K","2.38%"
"04/08/2022","315.000","314.995","316.710","309.460","0.30K","0.00%"
"04/07/2022","315.000","304.995","315.000","302.720","0.26K","3.28%"
"04/06/2022","305.000","297.370","305.000","293.595","0.43K","2.56%"
"04/05/2022","297.375","297.370","300.000","293.915","0.36K","0.00%"
"04/04/2022","297.375","294.495","298.920","291.940","0.32K","0.98%"
"04/01/2022","294.500","293.995","298.710","291.720","0.27K","0.17%"
"03/31/2022","294.000","295.995","298.565","292.000","0.37K","-0.68%"
"03/30/2022","296.000","293.495","297.500","291.500","0.21K","0.85%"
"03/29/2022","293.500","289.995","299.000","287.720","0.29K","1.21%"
"03/28/2022","289.995","292.495","295.275","285.000","0.45K","-0.86%"
"03/25/2022","292.500","287.495","292.775","283.800","0.43K","1.74%"
"03/24/2022","287.500","282.495","291.500","277.500","0.40K","1.77%"
"03/23/2022","282.500","284.995","290.000","279.860","0.28K","-0.88%"
"03/22/2022","285.000","279.995","285.105","270.000","0.30K","1.79%"
"03/21/2022","280.000","277.495","281.500","270.000","0.34K","0.90%"
"03/18/2022","277.500","264.495","277.500","262.720","0.08K","4.92%"
"03/17/2022","264.495","264.995","266.495","262.995","0.20K","-0.19%"
"03/16/2022","265.000","272.495","275.065","264.720","0.43K","-2.75%"
"03/15/2022","272.500","254.995","275.000","253.595","0.17K","6.86%"
"03/14/2022","255.000","254.995","260.000","246.840","0.23K","0.00%"
"03/11/2022","255.000","254.855","256.065","244.940","0.13K","0.06%"
"03/10/2022","254.855","227.350","255.435","226.080","0.18K","12.10%"
"03/09/2022","227.350","227.490","230.565","226.080","0.23K","-0.06%"
"03/08/2022","227.495","201.865","230.500","201.225","0.09K","12.70%"
"03/07/2022","201.865","201.495","203.425","200.600","0.21K","0.93%"
"03/04/2022","200.000","202.495","203.610","201.020","0.17K","-0.99%"
"03/03/2022","202.000","202.655","204.090","201.130","0.16K","0.13%"
"03/02/2022","201.740","201.730","203.760","200.820","0.13K","0.00%"
"03/01/2022","201.735","201.990","202.755","200.970","0.10K","0.41%"
"02/28/2022","200.920","202.495","203.635","201.320","0.15K","-0.53%"
"02/25/2022","202.000","202.420","203.635","201.320","0.11K","0.32%"
"02/24/2022","201.360","202.495","203.760","201.320","0.18K","-0.32%"
"02/23/2022","202.000","202.745","203.880","201.410","0.18K","-0.25%"
"02/22/2022","202.500","202.485","203.635","201.320","0.15K","0.31%"
"02/21/2022","201.880","202.495","203.635","201.320","0.17K","-0.06%"
"02/18/2022","202.000","202.615","203.880","201.410","0.17K","0.29%"
"02/17/2022","201.420","202.500","203.280","202.000","0.08K","-0.39%"
"02/16/2022","202.205","202.435","203.125","201.515","","0.36%"
"02/15/2022","201.480","202.475","203.745","201.340","0.16K","-0.16%"
"02/14/2022","201.800","202.495","203.745","201.340","0.17K","-0.10%"
"02/11/2022","202.000","202.780","203.910","201.495","0.13K","0.00%"
"02/10/2022","201.990","201.865","203.535","201.120","0.10K","0.06%"
"02/09/2022","201.865","201.940","203.535","201.120","0.14K","0.67%"
"02/08/2022","200.520","202.735","203.910","201.495","0.14K","-0.55%"
"02/07/2022","201.630","202.425","203.850","201.450","0.09K","-0.17%"
"02/03/2022","201.980","202.760","203.880","201.535","0.20K","0.07%"
"02/02/2022","201.830","202.410","203.730","201.360","0.18K","0.27%"
"02/01/2022","201.280","202.400","203.730","201.360","0.16K","0.04%"
"01/31/2022","201.200","201.995","203.505","201.160","0.18K","0.10%"
"01/28/2022","201.000","201.995","203.505","201.160","0.12K","0.00%"
"01/27/2022","201.000","202.770","203.880","201.535","0.12K","-0.45%"
"01/26/2022","201.910","201.915","203.505","201.160","0.16K","0.00%"
"01/25/2022","201.915","201.905","203.505","201.160","0.11K","0.00%"
"01/24/2022","201.905","202.495","203.730","201.360","0.22K","-0.05%"
"01/21/2022","202.000","202.480","203.730","201.360","0.17K","0.08%"
"01/20/2022","201.840","202.850","203.880","201.500","0.20K","-0.35%"
"01/19/2022","202.550","202.445","203.730","201.360","0.18K","0.49%"
"01/18/2022","201.560","202.500","203.040","201.500","0.09K","-0.59%"
"01/13/2022","202.750","202.000","202.875","201.500","0.03K","0.00%"
"01/12/2022","202.750","201.500","202.875","201.500","0.03K","0.00%"
"01/11/2022","202.750","202.000","202.875","201.500","0.04K","0.00%"
"01/10/2022","202.750","202.000","202.875","201.500","0.04K","0.00%"
"01/07/2022","202.750","202.875","202.875","201.500","0.03K","0.87%"
"01/06/2022","201.000","202.500","202.875","201.500","0.03K","0.00%"
"01/05/2022","201.000","201.500","202.875","201.500","0.03K","-0.86%"
"01/04/2022","202.750","201.500","202.875","201.500","0.03K","0.00%"
"01/03/2022","202.750","201.500","202.875","201.500","0.03K","0.00%"
"12/31/2021","202.750","202.500","202.875","202.000","0.02K","0.00%"
"12/30/2021","202.750","201.500","202.875","201.500","0.02K","0.12%"
"12/29/2021","202.500","202.500","202.875","201.500","0.03K","-0.12%"
"12/28/2021","202.750","202.500","202.875","201.500","0.02K","0.12%"
"12/27/2021","202.500","202.875","202.875","202.000","0.03K","0.25%"
"12/24/2021","202.000","202.500","202.500","202.000","0.01K","0.00%"
"12/23/2021","202.000","202.500","202.750","202.000","0.03K","0.00%"
"12/22/2021","202.000","202.500","202.875","202.000","0.03K","0.00%"
"12/21/2021","202.000","202.500","202.875","202.000","0.02K","0.00%"
"12/20/2021","202.000","202.500","202.875","202.000","0.02K","0.50%"
"12/17/2021","201.000","202.500","202.500","201.500","0.03K","0.00%"
"12/16/2021","201.000","202.500","202.500","201.500","0.03K","0.00%"
"12/15/2021","201.000","202.500","202.875","202.000","0.03K","-0.50%"
"12/14/2021","202.000","202.000","202.500","201.500","0.03K","0.50%"
"12/13/2021","201.000","202.000","202.500","202.000","0.03K","-0.50%"
"12/10/2021","202.000","202.500","202.750","202.000","0.03K","0.00%"
"12/09/2021","202.000","202.500","202.750","201.500","0.03K","-0.37%"
"12/08/2021","202.750","202.000","202.875","201.500","0.04K","0.12%"
"12/07/2021","202.500","202.000","202.750","201.500","0.04K","0.00%"
"12/06/2021","202.500","202.000","202.750","201.500","0.04K","0.75%"
"12/03/2021","201.000","202.000","202.750","201.500","0.03K","-0.50%"
"12/02/2021","202.000","202.000","202.750","201.500","0.04K","0.50%"
"12/01/2021","201.000","202.000","202.750","201.500","0.03K","-0.74%"
"11/30/2021","202.500","201.500","202.750","201.500","0.03K","0.00%"
"11/29/2021","202.500","202.500","202.750","201.450","0.04K","0.25%"
"11/26/2021","202.000","201.500","202.750","201.500","0.03K","0.00%"
"11/25/2021","202.000","202.000","202.750","201.500","0.02K","-0.25%"
"11/24/2021","202.500","202.750","202.750","201.500","0.03K","0.00%"
"11/23/2021","202.500","202.000","202.750","201.500","0.03K","0.00%"
"11/22/2021","202.500","202.000","202.750","201.500","0.03K","0.75%"
"11/19/2021","201.000","202.000","202.750","201.875","0.02K","0.00%"
"11/17/2021","201.000","202.000","202.750","202.000","0.03K","0.00%"
"11/16/2021","201.000","202.000","202.500","201.500","0.02K","0.00%"
"11/15/2021","201.000","202.000","202.750","202.000","0.03K","0.00%"
"11/12/2021","201.000","202.000","202.250","201.500","0.03K","0.00%"
"11/11/2021","201.000","202.000","202.000","201.500","0.03K","0.00%"
"11/10/2021","201.000","202.000","202.750","201.375","0.04K","0.50%"
"11/09/2021","200.000","202.000","202.500","201.500","0.03K","0.00%"
"11/08/2021","200.000","201.500","202.500","201.500","0.03K","0.00%"
"11/05/2021","200.000","201.000","202.000","201.000","0.02K","0.00%"
"11/03/2021","200.000","202.000","202.000","201.500","0.02K","-0.50%"
"11/02/2021","201.000","201.500","202.000","201.500","0.03K","0.00%"
"11/01/2021","201.000","202.000","202.000","201.500","0.03K","0.50%"
"10/29/2021","200.000","202.000","202.000","201.000","0.02K","-0.50%"
"10/28/2021","201.000","200.500","202.000","200.500","0.02K","0.00%"
"10/27/2021","201.000","202.750","202.750","201.500","0.02K","-0.74%"
"10/26/2021","202.500","202.000","202.750","201.500","0.03K","1.25%"
"10/25/2021","200.000","201.500","202.500","201.500","0.03K","0.00%"
"10/22/2021","200.000","200.500","202.000","200.500","0.03K","0.00%"
"10/21/2021","200.000","202.000","202.000","200.500","0.03K","0.00%"
"10/18/2021","200.000","201.500","202.000","200.500","0.03K","-0.50%"
"10/15/2021","201.000","202.000","202.000","201.000","0.02K","0.00%"
"10/14/2021","201.000","202.000","202.000","200.500","0.02K","0.00%"
"10/13/2021","201.000","201.500","202.000","200.500","0.02K","0.50%"
"10/12/2021","200.000","201.000","202.000","200.500","0.03K","0.00%"
"10/11/2021","200.000","200.000","202.000","199.500","0.02K","0.50%"
"10/08/2021","199.000","200.000","201.500","199.475","0.03K","0.00%"
"10/07/2021","199.000","200.000","201.500","199.500","0.03K","-0.25%"
"10/06/2021","199.500","200.000","202.000","199.500","0.03K","0.00%"
"10/05/2021","199.500","200.000","201.500","199.500","0.03K","0.25%"
"10/04/2021","199.000","200.000","201.500","199.500","0.03K","0.00%"
"10/01/2021","199.000","200.000","200.450","199.475","0.03K","0.00%"
"09/30/2021","199.000","199.750","200.450","199.475","0.03K","0.00%"
"09/29/2021","199.000","200.000","201.500","199.475","0.03K","0.00%"
"09/28/2021","199.000","200.250","201.500","199.500","0.03K","0.00%"
"09/27/2021","199.000","200.000","200.450","199.475","0.03K","0.00%"
"09/24/2021","199.000","200.000","200.500","199.400","0.03K","-0.25%"
"09/23/2021","199.500","200.000","200.250","199.400","0.03K","0.25%"
"09/22/2021","199.000","200.000","201.500","199.400","0.03K","0.00%"
"09/21/2021","199.000","200.000","200.250","199.400","0.03K","0.00%"
"09/17/2021","199.000","199.500","200.250","199.500","0.02K","0.00%"
"09/16/2021","199.000","200.000","200.250","199.000","0.03K","0.00%"
"09/15/2021","199.000","199.500","200.250","199.000","0.03K","0.00%"
"09/14/2021","199.000","199.500","200.250","199.000","0.02K","0.00%"
"09/13/2021","199.000","199.500","200.750","199.000","0.02K","-0.50%"
"09/10/2021","200.000","199.500","201.000","199.000","0.03K","0.25%"
"09/09/2021","199.500","200.000","201.000","198.950","0.03K","0.25%"
"09/08/2021","199.000","200.500","201.250","198.995","0.02K","-0.75%"
"09/07/2021","200.500","199.750","201.500","199.500","0.02K","0.25%"
"09/06/2021","200.000","200.250","200.250","199.500","0.01K","0.00%"
"09/03/2021","200.000","199.500","200.500","199.500","0.02K","0.50%"
"09/02/2021","199.000","200.500","200.500","199.500","0.03K","0.00%"
"09/01/2021","199.000","199.750","200.500","199.500","0.02K","0.00%"
"08/31/2021","199.000","199.750","199.750","199.500","0.02K","-0.25%"
"08/30/2021","199.500","199.500","199.750","199.500","0.02K","-0.25%"
"08/27/2021","200.000","200.500","200.500","199.500","0.03K","0.00%"
"08/26/2021","200.000","200.500","200.500","199.500","0.03K","0.50%"
"08/25/2021","199.000","199.750","199.750","199.500","0.03K","0.00%"
"08/24/2021","199.000","199.750","199.750","199.500","0.03K","-0.25%"
"08/23/2021","199.500","199.750","199.750","199.500","0.03K","0.25%"
"08/20/2021","199.000","200.500","200.500","199.490","0.02K","0.00%"
"08/19/2021","199.000","199.500","200.500","199.500","0.03K","0.00%"
"08/18/2021","199.000","199.500","199.750","199.490","0.02K","0.00%"
"08/17/2021","199.000","199.500","199.500","199.250","0.02K","0.00%"
"08/16/2021","199.000","199.500","199.500","199.200","0.01K","-0.25%"
"08/13/2021","199.500","199.750","199.750","199.200","0.03K","0.25%"
"08/12/2021","199.000","199.500","199.750","199.200","0.03K","0.00%"
"08/11/2021","199.000","199.500","199.750","199.000","0.03K","0.00%"
"08/10/2021","199.000","199.500","199.750","199.400","0.02K","0.00%"
"08/09/2021","199.000","199.500","199.750","199.500","0.02K","0.00%"
"08/06/2021","199.000","199.500","199.500","199.000","0.03K","0.00%"
"08/05/2021","199.000","199.500","199.750","199.000","0.03K","0.00%"
"08/04/2021","199.000","199.500","199.500","199.000","0.03K","0.00%"
"08/03/2021","199.000","199.500","199.500","199.500","","0.00%"
"08/02/2021","199.000","199.500","199.750","199.000","0.02K","0.00%"
"07/30/2021","199.000","199.500","200.000","199.000","0.03K","0.00%"
"07/29/2021","199.000","199.500","199.500","199.000","0.03K","0.25%"
"07/28/2021","198.500","199.500","199.750","199.000","0.03K","0.00%"
"07/27/2021","198.500","199.500","199.500","199.000","0.03K","-0.25%"
"07/26/2021","199.000","199.500","199.750","199.000","0.03K","0.00%"
"07/22/2021","199.000","199.500","200.000","199.000","0.02K","0.00%"
"07/20/2021","199.000","199.500","199.500","199.000","0.02K","-0.25%"
"07/19/2021","199.500","199.000","199.750","199.000","0.03K","0.25%"
"07/16/2021","199.000","199.500","199.500","199.000","0.03K","0.25%"
"07/15/2021","198.500","199.500","199.500","199.000","0.03K","0.00%"
"07/14/2021","198.500","199.500","199.500","199.000","0.03K","-0.25%"
"07/13/2021","199.000","199.500","199.500","199.000","0.03K","0.00%"
"07/12/2021","199.000","199.500","199.500","199.000","0.03K","0.15%"
"07/09/2021","198.700","199.000","199.350","199.000","0.02K","0.10%"
"07/08/2021","198.500","199.000","199.000","199.000","","0.00%"
"07/07/2021","198.500","199.000","199.500","199.000","0.01K","0.00%"
"07/06/2021","198.500","199.000","199.000","198.000","0.02K","0.00%"
"07/05/2021","198.500","199.500","199.500","198.500","0.02K","-0.25%"
"07/02/2021","199.000","199.250","199.500","199.250","0.02K","0.00%"
"07/01/2021","199.000","199.500","199.500","199.250","0.01K","0.00%"
"06/30/2021","199.000","199.500","199.500","199.125","0.02K","0.00%"
"06/29/2021","199.000","199.000","199.500","198.750","0.02K","0.25%"
"06/28/2021","198.500","199.125","199.500","199.000","0.02K","0.00%"
"06/25/2021","198.500","199.000","199.125","198.750","0.01K","0.00%"
"06/23/2021","198.500","199.250","199.250","198.500","0.02K","0.25%"
"06/22/2021","198.000","199.250","199.500","198.000","0.02K","0.00%"
"06/21/2021","198.000","199.000","199.500","198.875","0.01K","0.00%"
"06/18/2021","198.000","198.000","198.750","198.000","0.02K","0.51%"
"06/17/2021","197.000","198.750","198.750","197.500","0.02K","-0.25%"
"06/16/2021","197.500","198.500","198.500","198.500","","0.25%"
"06/15/2021","197.000","198.000","198.500","198.000","0.02K","0.00%"
"06/14/2021","197.000","198.000","198.500","198.000","0.02K","0.00%"
"06/11/2021","197.000","198.000","198.750","198.000","0.01K","-0.25%"
"06/10/2021","197.500","198.000","198.750","198.000","0.01K","0.00%"
"06/09/2021","197.500","198.000","198.500","198.000","0.01K","0.25%"
"06/08/2021","197.000","198.000","198.500","198.000","0.01K","0.25%"
"06/07/2021","196.500","197.000","198.500","197.000","0.01K","-0.25%"
"06/04/2021","197.000","198.750","198.750","198.000","0.02K","0.00%"
"06/03/2021","197.000","198.000","198.750","197.000","0.02K","0.00%"
"06/02/2021","197.000","197.000","198.500","197.000","0.02K","0.25%"
"06/01/2021","196.500","197.000","198.000","197.000","0.02K","-0.25%"
"05/31/2021","197.000","198.000","198.000","197.000","0.02K","-0.25%"
"05/28/2021","197.500","198.000","198.500","198.000","0.02K","0.00%"
"05/25/2021","197.500","197.000","198.750","197.000","0.02K","0.77%"
"05/24/2021","196.000","197.000","197.000","197.000","","0.00%"
"05/21/2021","196.000","197.000","197.000","197.000","","0.00%"
"05/20/2021","196.000","197.000","197.000","197.000","","0.00%"
"05/19/2021","196.000","197.000","197.000","197.000","","0.00%"
"05/18/2021","196.000","197.000","197.000","197.000","","0.00%"
"05/17/2021","196.000","197.500","197.500","197.000","0.02K","0.00%"
"05/13/2021","196.000","197.000","197.000","196.500","0.02K","0.26%"
"05/12/2021","195.500","197.000","197.000","195.000","0.02K","0.00%"
"05/11/2021","195.500","197.000","197.000","195.500","0.03K","-0.26%"
"05/10/2021","196.000","197.000","197.500","197.000","0.00K","0.00%"
"05/07/2021","196.000","197.000","198.000","197.000","0.02K","0.00%"
"05/06/2021","196.000","198.000","198.000","197.000","0.02K","0.00%"
"05/05/2021","196.000","197.500","197.500","197.000","0.02K","0.00%"
"05/04/2021","196.000","197.500","197.500","197.000","0.02K","0.00%"
"05/03/2021","196.000","196.500","198.500","196.500","0.02K","-0.51%"
"04/30/2021","197.000","197.000","198.000","196.500","0.02K","0.51%"
"04/29/2021","196.000","195.000","198.750","195.000","0.02K","1.03%"
"04/28/2021","194.000","195.000","195.000","195.000","","0.00%"
"04/27/2021","194.000","195.000","195.000","195.000","","-0.26%"
"04/23/2021","194.500","194.000","194.500","194.000","0.02K","0.78%"
"04/22/2021","193.000","193.500","194.500","192.500","0.02K","1.05%"
"04/21/2021","191.000","191.000","192.000","191.000","0.00K","0.53%"
"04/20/2021","190.000","191.000","191.000","191.000","","0.00%"
"04/19/2021","190.000","191.000","191.000","189.000","0.03K","-1.04%"
"04/16/2021","192.000","200.400","200.400","192.000","0.06K","-4.00%"
"04/15/2021","200.000","201.500","204.000","201.000","0.04K","-0.50%"
"04/12/2021","201.000","202.000","202.000","201.250","0.03K","0.12%"
"04/09/2021","200.750","200.500","202.000","200.500","0.03K","0.12%"
"04/08/2021","200.500","200.750","201.500","200.400","0.02K","0.25%"
"04/07/2021","200.000","200.000","200.750","200.000","0.03K","0.25%"
"04/06/2021","199.500","199.500","200.250","199.500","0.03K","0.25%"
"04/05/2021","199.000","199.500","200.000","199.500","0.03K","0.00%"
"04/01/2021","199.000","200.000","200.000","198.750","0.03K","0.25%"
"03/31/2021","198.500","199.000","200.000","199.000","0.04K","0.00%"
"03/30/2021","198.500","199.000","199.500","199.000","0.03K","0.00%"
"03/29/2021","198.500","198.250","199.375","198.250","0.03K","0.00%"
"03/26/2021","198.500","198.500","199.000","198.500","0.03K","0.25%"
"03/25/2021","198.000","198.250","199.500","198.250","0.03K","-0.25%"
"03/24/2021","198.500","198.500","199.000","197.500","0.03K","0.25%"
"03/23/2021","198.000","198.750","199.250","198.250","0.03K","0.25%"
"03/22/2021","197.500","197.500","198.750","197.500","0.03K","0.25%"
"03/19/2021","197.000","197.500","198.250","196.750","0.04K","0.00%"
"03/18/2021","197.000","199.750","199.750","197.000","0.04K","-1.25%"
"03/17/2021","199.500","199.500","201.000","198.750","0.04K","0.76%"
"03/16/2021","198.000","198.000","199.250","197.000","0.04K","0.25%"
"03/15/2021","197.500","197.250","198.250","196.500","0.04K","0.77%"
"03/12/2021","196.000","197.500","197.500","196.000","0.03K","0.00%"
"03/10/2021","196.000","196.625","197.250","195.750","0.03K","0.00%"
"03/09/2021","196.000","196.750","197.000","195.250","0.03K","0.26%"
"03/08/2021","195.500","196.000","196.250","195.500","0.02K","0.00%"
"03/05/2021","195.500","195.750","196.000","194.500","0.03K","0.26%"
"03/04/2021","195.000","195.500","196.250","194.750","0.03K","0.00%"
"03/03/2021","195.000","195.500","196.000","194.750","0.03K","0.00%"
"03/02/2021","195.000","194.500","196.000","194.500","0.03K","0.52%"
"03/01/2021","194.000","194.000","195.500","194.000","0.03K","0.00%"
"02/25/2021","194.000","194.000","195.075","193.750","0.03K","0.26%"
"02/24/2021","193.500","193.500","195.000","193.500","0.03K","0.26%"
"02/23/2021","193.000","193.000","194.000","193.000","0.03K","0.00%"
"02/22/2021","193.000","195.000","195.750","193.500","0.03K","-1.03%"
"02/19/2021","195.000","196.000","196.500","194.500","0.04K","-0.64%"
"02/18/2021","196.250","195.500","197.000","194.750","0.03K","0.38%"
"02/17/2021","195.500","195.250","198.250","195.250","0.03K","0.26%"
"02/16/2021","195.000","195.000","197.500","194.500","0.03K","0.52%"
"02/15/2021","194.000","194.000","196.000","194.000","0.03K","0.26%"
"02/12/2021","193.500","194.000","195.125","192.750","0.04K","0.00%"
"02/11/2021","193.500","197.000","197.500","193.750","0.04K","-1.53%"
"02/10/2021","196.500","194.500","197.250","194.500","0.04K","0.77%"
"02/09/2021","195.000","194.000","196.000","194.000","0.04K","0.26%"
"02/08/2021","194.500","194.500","195.375","192.500","0.04K","0.78%"
"02/05/2021","193.000","193.500","194.875","193.250","0.04K","0.00%"
"02/03/2021","193.000","193.500","196.000","192.500","0.04K","-0.26%"
"02/02/2021","193.500","194.000","194.750","192.250","0.04K","0.00%"
"02/01/2021","193.500","191.250","194.250","190.750","0.04K","1.57%"
"01/29/2021","190.500","192.000","192.000","189.750","0.04K","-0.91%"
"01/27/2021","192.250","195.500","195.500","192.375","0.04K","-1.41%"
"01/26/2021","195.000","196.500","197.000","194.500","0.04K","-1.02%"
"01/25/2021","197.000","197.750","198.000","196.500","0.03K","0.00%"
"01/22/2021","197.000","196.000","198.000","195.750","0.03K","0.77%"
"01/21/2021","195.500","194.500","196.250","194.500","0.02K","0.26%"
"01/20/2021","195.000","194.500","196.750","194.000","0.03K","1.56%"
"01/19/2021","192.000","192.500","193.500","192.500","0.02K","0.00%"
"01/18/2021","192.000","193.000","193.500","192.000","0.02K","-0.26%"
"01/15/2021","192.500","192.000","194.000","190.000","0.03K","0.52%"
"01/13/2021","191.500","190.000","192.500","190.000","0.02K","1.32%"
"01/12/2021","189.000","189.000","190.000","189.000","0.02K","0.53%"
"01/11/2021","188.000","188.000","189.250","188.000","0.02K","0.53%"
"01/08/2021","187.000","187.000","188.000","187.000","0.03K","0.00%"
"01/07/2021","187.000","188.500","188.500","187.500","0.03K","-0.27%"
"01/06/2021","187.500","188.500","188.875","188.250","0.01K","0.00%"
"01/05/2021","187.500","187.000","188.500","187.000","0.02K","0.81%"
"01/04/2021","186.000","186.500","187.000","186.500","0.02K","0.00%"
"01/01/2021","186.000","185.500","187.125","185.250","0.02K","0.54%"
"12/31/2020","185.000","186.000","187.000","185.250","0.02K","0.00%"
"12/30/2020","185.000","187.500","188.000","185.500","0.02K","-1.33%"
"12/28/2020","187.500","189.850","189.850","187.500","0.03K","-1.11%"
"12/24/2020","189.600","190.500","190.500","189.450","0.03K","-0.21%"
"12/23/2020","190.000","189.250","190.250","189.000","0.03K","0.53%"
"12/22/2020","189.000","188.250","189.250","188.200","0.02K","0.75%"
"12/21/2020","187.600","187.750","188.250","187.750","0.02K","0.05%"
"12/18/2020","187.500","187.000","187.850","187.000","0.02K","0.37%"
"12/17/2020","186.800","186.950","187.250","186.550","0.01K","-0.05%"
"12/16/2020","186.900","186.950","187.150","186.850","0.01K","0.11%"
"12/15/2020","186.700","187.150","187.150","186.950","0.02K","-0.11%"
"12/14/2020","186.900","186.750","187.150","186.700","0.02K","0.27%"
"12/11/2020","186.400","186.050","186.700","186.000","0.04K","0.32%"
"12/10/2020","185.800","185.900","186.000","185.600","0.05K","0.11%"
"12/09/2020","185.600","186.400","186.450","185.450","0.04K","-0.27%"
"12/08/2020","186.100","186.450","186.500","186.000","0.04K","-0.11%"
"12/07/2020","186.300","186.150","186.450","185.800","0.04K","0.43%"
"12/04/2020","185.500","185.700","186.250","185.250","0.04K","-0.16%"
"12/03/2020","185.800","185.850","186.250","185.750","0.03K","0.16%"
"12/02/2020","185.500","185.700","186.000","185.200","0.03K","-0.22%"
"12/01/2020","185.900","185.650","186.050","185.550","0.03K","0.22%"
"11/30/2020","185.500","185.500","186.150","185.200","0.03K","0.19%"
"11/27/2020","185.150","185.100","185.300","184.750","0.03K","0.14%"
"11/26/2020","184.900","185.700","185.725","184.950","0.04K","-0.38%"
"11/25/2020","185.600","185.550","185.800","185.450","0.03K","0.11%"
"11/24/2020","185.400","185.400","185.800","185.200","0.03K","0.11%"
"11/23/2020","185.200","185.750","185.850","185.150","0.03K","0.11%"
"11/20/2020","185.000","184.875","185.250","184.775","0.03K","0.05%"
"11/19/2020","184.900","184.725","185.250","184.600","0.04K","0.14%"
"11/18/2020","184.650","185.200","185.250","184.500","0.04K","-0.24%"
"11/17/2020","185.100","185.350","185.800","184.400","0.04K","0.11%"
"11/16/2020","184.900","184.825","185.225","184.600","0.03K","0.16%"
"11/13/2020","184.600","184.575","184.750","184.500","0.05K","0.03%"
"11/12/2020","184.550","184.625","184.675","184.525","0.04K","0.00%"
"11/11/2020","184.550","184.525","184.675","184.500","0.04K","0.03%"
"11/10/2020","184.500","184.450","184.625","184.450","0.04K","0.03%"
"11/09/2020","184.450","184.525","184.725","184.450","0.04K","0.00%"
"11/06/2020","184.450","184.425","184.500","184.400","0.03K","0.00%"
"11/05/2020","184.450","184.350","184.525","184.350","0.04K","0.08%"
"11/04/2020","184.300","184.375","184.450","184.350","0.03K","0.00%"
"11/03/2020","184.300","184.500","184.575","184.325","0.04K","-0.08%"
"11/02/2020","184.450","184.225","184.575","184.225","0.04K","0.11%"
"10/29/2020","184.250","184.325","184.375","184.250","0.04K","-0.03%"
"10/28/2020","184.300","184.300","184.350","184.200","0.05K","0.00%"
"10/27/2020","184.300","184.300","184.425","184.250","0.04K","0.00%"
"10/26/2020","184.300","184.350","184.650","184.225","0.03K","0.00%"
"10/23/2020","184.300","184.325","184.725","184.250","0.04K","-0.03%"
"10/22/2020","184.350","184.275","184.450","184.150","0.04K","0.05%"
"10/21/2020","184.250","184.450","184.600","184.150","0.04K","-0.14%"
"10/20/2020","184.500","184.350","184.550","184.325","0.04K","0.08%"
"10/19/2020","184.350","184.225","184.500","184.200","0.04K","0.08%"
"10/16/2020","184.200","184.500","184.600","184.250","0.04K","-0.16%"
"10/15/2020","184.500","184.700","184.950","184.450","0.04K","-0.08%"
"10/14/2020","184.650","184.400","184.850","184.350","0.03K","0.16%"
"10/13/2020","184.350","184.200","184.400","184.175","0.03K","0.08%"
"10/12/2020","184.200","184.200","184.300","184.150","0.04K","0.00%"
"10/09/2020","184.200","184.200","184.300","184.100","0.03K","0.03%"
"10/08/2020","184.150","184.200","184.300","184.085","0.04K","-0.14%"
"10/07/2020","184.400","184.550","184.625","184.350","0.04K","-0.08%"
"10/06/2020","184.550","184.650","184.925","184.575","0.04K","-0.05%"
"10/05/2020","184.650","184.450","184.950","184.450","0.04K","0.14%"
"10/02/2020","184.400","184.850","184.850","184.450","0.04K","-0.27%"
"09/30/2020","184.900","185.100","185.200","184.750","0.04K","-0.11%"
"09/29/2020","185.100","185.275","186.250","185.100","0.05K","-0.08%"
"09/28/2020","185.250","185.300","185.375","185.190","0.07K","0.03%"
"09/25/2020","185.200","185.150","185.325","185.000","0.04K","0.05%"
"09/24/2020","185.100","184.900","185.250","184.825","0.05K","0.16%"
"09/23/2020","184.800","185.100","185.300","184.925","0.05K","-0.27%"
"09/22/2020","185.300","185.400","185.470","185.310","0.04K","-0.09%"
"09/21/2020","185.470","185.525","185.725","185.450","0.04K","0.01%"
"09/18/2020","185.450","184.950","185.600","184.950","0.05K","0.24%"
"09/17/2020","185.000","184.950","185.075","184.875","0.04K","0.05%"
"09/16/2020","184.900","184.400","185.050","184.400","0.03K","0.33%"
"09/15/2020","184.300","184.300","184.500","184.250","0.04K","0.05%"
"09/14/2020","184.200","184.425","184.425","184.000","0.04K","-0.14%"
"09/11/2020","184.450","184.750","184.750","184.425","0.04K","-0.14%"
"09/10/2020","184.700","184.400","184.925","184.400","0.04K","0.19%"
"09/09/2020","184.350","184.300","184.525","184.175","0.04K","0.05%"
"09/08/2020","184.250","184.550","184.550","184.125","0.04K","-0.24%"
"09/07/2020","184.700","185.200","185.200","184.600","0.04K","-0.19%"
"09/04/2020","185.050","185.225","185.375","185.025","0.04K","-0.13%"
"09/03/2020","185.300","185.250","185.375","185.000","0.05K","0.05%"
"09/02/2020","185.200","185.900","185.900","185.050","0.04K","-0.32%"
"08/31/2020","185.800","186.450","186.550","185.725","0.04K","-0.27%"
"08/28/2020","186.300","186.000","186.475","185.900","0.04K","0.22%"
"08/27/2020","185.900","186.350","186.400","185.950","0.04K","-0.16%"
"08/26/2020","186.200","186.550","186.600","186.000","0.04K","-0.11%"
"08/25/2020","186.400","184.975","186.600","184.900","0.03K","0.81%"
"08/24/2020","184.900","184.550","185.050","184.500","0.03K","0.22%"
"08/21/2020","184.500","184.350","184.700","183.750","0.04K","0.08%"
"08/20/2020","184.350","186.000","187.000","184.300","0.06K","-0.94%"
"08/19/2020","186.100","184.400","186.300","184.300","0.05K","0.92%"
"08/18/2020","184.400","183.750","184.575","183.625","0.04K","0.44%"
"08/17/2020","183.600","183.250","183.800","183.075","0.04K","0.05%"
"08/14/2020","183.500","182.925","183.700","182.750","0.04K","0.38%"
"08/13/2020","182.800","182.725","182.950","182.350","0.04K","-0.05%"
"08/12/2020","182.900","184.000","184.000","182.900","0.04K","-0.57%"
"08/11/2020","183.950","184.700","184.700","184.025","0.04K","-0.41%"
"08/10/2020","184.700","185.300","185.300","184.625","0.04K","-0.27%"
"08/07/2020","185.200","185.250","185.425","185.235","0.04K","-0.11%"
"08/06/2020","185.400","185.500","185.500","185.325","0.03K","-0.03%"
"08/05/2020","185.450","185.500","185.550","185.485","0.02K","-0.03%"
"08/04/2020","185.500","185.675","185.675","185.500","0.04K","-0.03%"
"07/31/2020","185.550","185.650","185.685","185.540","0.04K","-0.03%"
"07/30/2020","185.600","185.800","185.800","185.600","0.04K","-0.05%"
"07/29/2020","185.700","185.750","185.800","185.635","0.05K","-0.03%"
"07/28/2020","185.750","185.745","185.825","185.700","0.04K","0.03%"
"07/27/2020","185.700","185.750","185.840","185.700","0.04K","-0.03%"
"07/24/2020","185.750","185.750","185.825","185.715","0.03K","0.00%"
"07/23/2020","185.750","185.750","185.800","185.725","0.03K","0.00%"
"07/22/2020","185.750","185.750","185.850","185.750","0.03K","0.00%"
"07/21/2020","185.750","185.775","185.825","185.675","0.03K","0.00%"
"07/20/2020","185.750","185.775","185.825","185.715","0.03K","0.03%"
"07/17/2020","185.700","185.800","185.875","185.700","0.04K","0.00%"
"07/16/2020","185.700","185.875","185.875","185.745","0.03K","-0.05%"
"07/15/2020","185.800","185.875","185.900","185.750","0.03K","0.00%"
"07/14/2020","185.800","185.850","185.900","185.750","0.03K","-0.03%"
"07/13/2020","185.850","185.850","185.975","185.775","0.03K","0.05%"
"07/10/2020","185.750","185.800","185.975","185.775","0.04K","0.00%"
"07/09/2020","185.750","185.750","185.925","185.575","0.04K","0.00%"
"07/08/2020","185.750","185.850","185.925","185.750","0.04K","-0.05%"
"07/07/2020","185.850","185.925","185.925","185.775","0.04K","0.05%"
"07/06/2020","185.750","185.825","186.075","185.750","0.03K","-0.03%"
"07/03/2020","185.800","186.050","186.100","185.800","0.04K","-0.13%"
"07/02/2020","186.050","186.150","186.175","185.565","0.04K","-0.05%"
"07/01/2020","186.150","186.150","186.325","186.150","0.04K","0.00%"
"06/30/2020","186.150","186.150","186.275","186.150","0.04K","0.03%"
"06/29/2020","186.100","186.250","186.325","186.150","0.04K","0.00%"
"06/26/2020","186.100","186.125","186.275","185.950","0.03K","-0.13%"
"06/25/2020","186.350","186.550","186.675","186.350","0.03K","-0.11%"
"06/24/2020","186.550","186.575","186.675","186.525","0.04K","0.03%"
"06/23/2020","186.500","186.650","186.775","186.575","0.03K","0.00%"
"06/22/2020","186.500","186.525","186.750","186.500","0.04K","-0.03%"
"06/19/2020","186.550","186.625","186.700","186.525","0.04K","0.00%"
"06/18/2020","186.550","186.400","186.750","186.400","0.04K","0.08%"
"06/17/2020","186.400","186.100","186.950","186.100","0.04K","0.22%"
"06/16/2020","186.000","186.025","186.275","185.850","0.03K","0.05%"
"06/15/2020","185.900","185.300","186.000","185.300","0.04K","0.38%"
"06/12/2020","185.200","185.175","185.375","185.100","0.04K","0.05%"
"06/11/2020","185.100","185.225","185.250","185.100","0.04K","-0.05%"
"06/10/2020","185.200","185.050","185.300","185.050","0.04K","0.11%"
"06/09/2020","185.000","185.100","185.175","185.025","0.02K","-0.03%"
"06/08/2020","185.050","185.450","185.500","184.900","0.04K","-0.19%"
"06/04/2020","185.400","185.650","185.675","185.350","0.03K","-0.19%"
"06/03/2020","185.750","185.850","186.025","185.700","0.04K","-0.03%"
"06/02/2020","185.800","186.050","186.100","185.675","0.04K","-0.11%"
"06/01/2020","186.000","186.150","186.300","185.950","0.04K","-0.11%"
"05/29/2020","186.200","186.150","186.300","186.100","0.04K","-0.05%"
"05/28/2020","186.300","186.150","186.400","186.125","0.03K","0.05%"
"05/27/2020","186.200","186.050","186.375","186.000","0.04K","0.11%"
"05/26/2020","186.000","185.500","186.300","185.500","0.04K","0.27%"
"05/22/2020","185.500","186.400","186.450","184.625","0.04K","-0.54%"
"05/21/2020","186.500","187.150","187.150","186.500","0.03K","-0.27%"
"05/20/2020","187.000","187.400","187.525","187.100","0.03K","-0.21%"
"05/19/2020","187.400","187.750","187.775","187.425","0.04K","0.00%"
"05/18/2020","187.400","187.750","187.850","187.450","0.03K","-0.21%"
"05/15/2020","187.800","187.750","188.100","187.725","0.03K","0.16%"
"05/14/2020","187.500","188.000","188.300","187.750","0.03K","-0.27%"
"05/13/2020","188.000","188.000","188.350","187.800","0.03K","0.00%"
"05/12/2020","188.000","188.000","188.575","187.250","0.03K","0.00%"
"05/11/2020","188.000","187.250","188.600","187.000","0.03K","1.08%"
"05/06/2020","186.000","188.750","189.250","186.500","0.02K","-1.33%"
"05/05/2020","188.500","188.500","189.000","188.250","0.02K","-0.26%"
"05/04/2020","189.000","190.500","191.000","189.375","0.02K","-0.53%"
"04/30/2020","190.000","192.500","192.500","190.500","0.02K","-0.78%"
"04/29/2020","191.500","192.500","192.500","192.000","0.02K","0.00%"
"04/28/2020","191.500","192.500","192.500","192.000","0.01K","-0.26%"
"04/27/2020","192.000","192.500","192.875","192.000","0.01K","0.00%"
"04/24/2020","192.000","193.000","193.250","191.750","0.02K","-0.26%"
"04/23/2020","192.500","193.500","193.500","192.500","0.01K","-0.26%"
"04/22/2020","193.000","192.500","193.500","192.500","0.02K","0.52%"
"04/21/2020","192.000","192.500","193.000","191.500","0.01K","0.00%"
"04/20/2020","192.000","192.500","192.500","192.000","0.01K","0.26%"
"04/17/2020","191.500","192.000","192.250","191.500","0.01K","0.00%"
"04/16/2020","191.500","191.500","192.750","190.500","0.02K","0.26%"
"04/15/2020","191.000","191.500","192.250","191.500","0.01K","0.26%"
"04/09/2020","190.500","193.500","193.500","190.000","0.01K","-1.30%"
"04/08/2020","193.000","193.500","195.000","193.250","0.01K","-0.13%"
"04/06/2020","193.250","193.200","193.250","192.800","0.00K","1.44%"
"04/03/2020","190.500","189.500","190.500","189.250","0.01K","0.53%"
"04/02/2020","189.500","188.625","189.500","188.625","0.01K","0.00%"
"04/01/2020","189.500","189.250","189.500","188.500","0.01K","0.13%"
"03/31/2020","189.250","188.250","189.250","188.250","0.01K","0.53%"
"03/30/2020","188.250","188.250","188.500","187.950","0.01K","0.00%"
"03/27/2020","188.250","187.050","189.250","187.050","0.01K","0.64%"
"03/20/2020","187.050","186.750","187.500","186.600","0.01K","0.35%"
"03/19/2020","186.400","185.750","187.450","185.750","0.02K","0.38%"
"03/18/2020","185.700","185.050","186.050","184.550","0.03K","0.46%"
"03/17/2020","184.850","184.300","184.850","184.300","0.03K","0.19%"
"03/16/2020","184.500","184.500","184.500","184.500","0.00K","0.00%"
"03/13/2020","184.500","183.150","184.750","183.150","0.04K","0.78%"
"03/12/2020","183.075","182.675","183.275","182.675","0.04K","0.26%"
"03/11/2020","182.600","182.500","182.650","182.350","0.04K","0.03%"
"03/10/2020","182.550","182.350","182.650","182.250","0.03K","0.34%"
"03/09/2020","181.925","181.925","181.925","181.925","","0.00%"
"03/06/2020","181.925","181.875","181.975","181.675","0.03K","0.01%"
"03/05/2020","181.900","182.100","182.100","181.800","0.03K","-0.05%"
"03/04/2020","182.000","182.150","182.150","181.950","0.03K","-0.05%"
"03/03/2020","182.100","182.150","182.300","182.100","0.04K","-0.03%"
"03/02/2020","182.150","181.850","182.250","181.850","0.03K","0.11%"
"02/28/2020","181.950","181.900","182.000","181.800","0.03K","0.07%"
"02/27/2020","181.825","181.725","181.875","181.725","0.03K","0.08%"
"02/26/2020","181.675","181.675","181.775","181.625","0.03K","-0.01%"
"02/25/2020","181.700","181.750","181.850","181.700","0.03K","-0.03%"
"02/24/2020","181.750","181.600","182.000","181.600","0.04K","0.07%"
"02/21/2020","181.625","181.625","181.625","181.625","","0.00%"
"02/20/2020","181.625","181.925","182.025","181.575","0.03K","-0.21%"
"02/19/2020","182.000","181.650","182.000","181.650","0.03K","0.22%"
"02/18/2020","181.600","181.600","181.700","181.500","0.03K","0.00%"
"02/17/2020","181.600","181.500","181.630","181.500","0.03K","0.08%"
"02/14/2020","181.450","181.450","181.600","181.400","0.03K","-0.01%"
"02/13/2020","181.475","181.475","181.525","181.375","0.04K","0.01%"
"02/12/2020","181.450","181.450","181.550","181.450","0.04K","-0.03%"
"02/11/2020","181.500","181.450","181.550","181.400","0.04K","0.03%"
"02/10/2020","181.450","181.450","181.500","181.400","0.03K","0.00%"
"02/07/2020","181.450","181.400","181.500","181.350","0.03K","0.01%"
"02/06/2020","181.425","181.375","181.495","181.375","0.04K","0.01%"
"02/05/2020","181.400","181.500","181.550","181.350","0.04K","-0.04%"
"02/04/2020","181.475","181.475","181.475","181.475","","0.00%"
"02/03/2020","181.475","181.375","181.525","181.375","0.03K","0.01%"
"01/31/2020","181.450","181.500","181.550","181.350","0.05K","-0.03%"
"01/30/2020","181.500","181.550","181.700","181.500","0.03K","0.00%"
"01/29/2020","181.500","181.550","181.600","181.400","0.04K","0.00%"
"01/28/2020","181.500","181.450","181.600","181.450","0.04K","-0.03%"
"01/27/2020","181.550","181.600","181.750","181.550","0.04K","-0.01%"
"01/24/2020","181.575","181.475","181.605","181.325","0.03K","0.03%"
"01/23/2020","181.525","181.425","181.525","181.325","0.04K","0.01%"
"01/22/2020","181.500","181.450","181.600","181.450","0.03K","0.04%"
"01/21/2020","181.425","181.325","181.425","181.275","0.03K","0.06%"
"01/20/2020","181.325","181.225","181.375","181.225","0.03K","0.04%"
"01/17/2020","181.250","181.300","181.450","181.250","0.03K","0.00%"
"01/16/2020","181.250","181.500","181.600","181.250","0.04K","-0.11%"
"01/15/2020","181.450","181.450","181.450","181.450","","0.00%"
"01/14/2020","181.450","181.450","181.650","181.350","0.04K","-0.06%"
"01/13/2020","181.550","181.350","181.550","181.150","0.04K","0.11%"
"01/10/2020","181.350","181.350","181.350","181.350","","0.00%"
"01/09/2020","181.350","181.400","181.500","181.150","0.03K","-0.14%"
"01/08/2020","181.600","181.300","181.700","181.300","0.04K","0.18%"
"01/07/2020","181.275","181.375","181.475","181.225","0.04K","-0.03%"
"01/06/2020","181.325","181.325","181.625","181.325","0.03K","0.01%"
"01/03/2020","181.300","181.400","181.450","181.250","0.04K","-0.08%"
"01/02/2020","181.450","181.200","181.550","181.150","0.03K","0.15%"
"01/01/2020","181.175","181.425","181.575","180.775","0.04K","-0.11%"
"12/31/2019","181.375","181.525","181.825","181.275","0.04K","-0.18%"
"12/30/2019","181.700","181.450","181.800","181.450","0.04K","0.14%"
"12/27/2019","181.450","181.350","181.500","181.250","0.04K","0.04%"
"12/26/2019","181.375","181.375","181.475","181.225","0.04K","-0.01%"
"12/25/2019","181.400","181.400","181.400","181.400","","0.00%"
"12/24/2019","181.400","181.350","181.450","181.300","0.03K","0.04%"
"12/23/2019","181.325","181.075","181.375","180.975","0.03K","0.12%"
"12/20/2019","181.100","181.450","181.700","181.100","0.03K","-0.21%"
"12/19/2019","181.475","181.175","181.475","181.175","0.03K","0.17%"
"12/18/2019","181.175","181.125","181.225","180.975","0.03K","0.00%"
"12/17/2019","181.175","181.175","181.175","180.975","0.05K","-0.01%"
"12/16/2019","181.200","181.150","181.400","181.100","0.04K","0.06%"
"12/13/2019","181.100","180.800","181.350","180.700","0.04K","0.11%"
"12/12/2019","180.900","181.000","181.050","180.700","0.04K","-0.12%"
"12/11/2019","181.125","181.125","181.125","181.125","","0.00%"
"12/10/2019","181.125","181.175","181.275","181.025","0.03K","-0.04%"
"12/09/2019","181.200","181.200","181.350","181.200","0.04K","0.00%"
"12/06/2019","181.200","181.500","181.750","181.100","0.05K","-0.14%"
"12/05/2019","181.450","181.150","181.450","181.050","0.04K","0.12%"
"12/04/2019","181.225","181.525","181.525","181.125","0.06K","-0.19%"
"12/03/2019","181.575","181.275","181.625","181.175","0.03K","0.15%"
"12/02/2019","181.300","180.910","181.300","180.050","0.04K","0.21%"
"11/29/2019","180.925","180.675","181.075","180.575","0.04K","0.10%"
"11/28/2019","180.750","180.850","181.100","180.150","0.04K","-0.11%"
"11/27/2019","180.950","181.250","181.250","180.800","0.03K","-0.41%"
"11/26/2019","181.700","180.900","181.900","180.900","0.03K","0.41%"
"11/25/2019","180.950","180.100","181.000","180.100","0.03K","0.46%"
"11/22/2019","180.125","179.675","180.125","179.675","0.03K","0.25%"
"11/21/2019","179.675","179.325","179.675","179.275","0.04K","0.21%"
"11/20/2019","179.300","179.150","179.350","179.000","0.03K","-0.04%"
"11/19/2019","179.375","179.525","179.525","179.075","0.03K","-0.10%"
"11/18/2019","179.550","179.500","180.200","179.300","0.04K","-0.36%"
"11/15/2019","180.200","180.350","180.350","180.100","0.03K","-0.11%"
"11/14/2019","180.400","180.300","180.500","180.100","0.04K","0.06%"
"11/13/2019","180.300","180.550","180.550","180.000","0.03K","-0.15%"
"11/12/2019","180.575","180.575","180.575","180.575","","0.00%"
"11/11/2019","180.575","180.575","180.575","180.575","","0.00%"
"11/08/2019","180.575","180.775","180.875","180.375","0.04K","-0.15%"
"11/07/2019","180.850","180.850","181.050","180.700","0.04K","0.11%"
"11/06/2019","180.650","180.150","180.850","180.150","0.03K","0.19%"
"11/05/2019","180.300","180.400","180.500","179.800","0.04K","-0.14%"
"11/04/2019","180.550","181.100","181.200","180.500","0.04K","-0.36%"
"11/01/2019","181.200","181.200","181.450","181.100","0.04K","0.01%"
"10/31/2019","181.175","181.715","181.725","181.125","0.06K","-0.21%"
"10/30/2019","181.550","181.600","181.680","181.500","0.05K","0.00%"
"10/29/2019","181.550","181.450","181.690","181.450","0.04K","0.04%"
"10/28/2019","181.475","181.425","181.575","181.325","0.03K","0.10%"
"10/25/2019","181.300","181.200","181.450","181.100","0.04K","0.06%"
"10/24/2019","181.200","181.450","181.500","181.000","0.03K","-0.11%"
"10/23/2019","181.400","181.500","181.650","181.350","0.03K","-0.14%"
"10/22/2019","181.650","181.700","181.800","181.400","0.04K","-0.08%"
"10/21/2019","181.800","181.950","182.000","181.500","0.04K","-0.11%"
"10/18/2019","182.000","182.050","182.050","181.800","0.03K","0.00%"
"10/17/2019","182.000","181.900","182.300","181.900","0.03K","0.00%"
"10/16/2019","182.000","181.950","182.000","181.800","0.04K","0.11%"
"10/15/2019","181.800","180.950","182.050","180.950","0.04K","0.44%"
"10/14/2019","181.000","180.700","181.100","180.700","0.03K","0.14%"
"10/11/2019","180.750","180.660","180.800","180.500","0.04K","0.08%"
"10/10/2019","180.600","180.550","180.900","180.500","0.03K","0.03%"
"10/09/2019","180.550","180.300","180.550","180.250","0.04K","0.06%"
"10/08/2019","180.450","180.950","180.950","180.350","0.04K","-0.26%"
"10/07/2019","180.925","181.475","181.475","180.875","0.03K","-0.28%"
"10/04/2019","181.425","181.375","181.525","181.375","0.03K","-0.04%"
"10/03/2019","181.500","181.900","181.900","181.300","0.04K","-0.18%"
"10/02/2019","181.825","182.325","182.425","181.825","0.03K","-0.27%"
"10/01/2019","182.325","182.025","182.425","182.025","0.03K","0.11%"
"09/30/2019","182.125","181.925","182.175","181.875","0.04K","0.12%"
"09/27/2019","181.900","181.950","182.050","181.800","0.04K","0.07%"
"09/26/2019","181.775","181.625","181.925","181.625","0.03K","0.07%"
"09/25/2019","181.650","181.250","181.700","181.250","0.04K","0.28%"
"09/24/2019","181.150","181.400","181.700","181.100","0.03K","-0.19%"
"09/23/2019","181.500","181.200","181.500","181.100","0.03K","0.17%"
"09/20/2019","181.200","181.000","181.200","180.950","0.04K","0.14%"